building_id,building_name_cn,analysis_concession_cn,analysis_concession_en,boundary_attribution,source_facade_concessions_cn,boundary_facade_ids,facade_count,facade_ids,address,year,window_count_mean,mean_window_area_px2,mean_window_aspect_ratio,total_window_area_ratio,door_count_mean,mean_door_area_px2,mean_door_aspect_ratio,total_door_area_ratio,column_count_mean,mean_column_area_px2,mean_column_width_height_ratio,total_column_area_ratio,facade_width_height_ratio,edge_pixel_ratio,opening_area_proxy,contour_count_mean,curve_contour_ratio,symmetry_degree
B001,大陆坊、大陆银行（汉口分行）,英租界,British,Unambiguous,英租界,,1,F071,江岸区中山大道 911 号（大陆银行）、洞庭街 115 号（大陆坊）,1933 年,22.0,14486.55,0.728,0.2026,16.0,43088.0,1.389,0.4382,7.0,7461.36,0.784,0.0332,1.322,0.1348,0.0414,2.0,0.0,0.761
B002,中央信托局汉口分局旧址,英租界,British,Unambiguous,英租界,,1,F010,江岸区沿江大道 134 号,1940 年代初,7.0,123261.79,3.469,0.5487,9.0,12944.5,1.304,0.0741,15.0,41165.7,0.825,0.3927,1.333,0.1454,0.7508,1.0,0.0,0.696
B003,浙江实业银行（汉口分行）旧址,英租界,British,Unambiguous,英租界,,1,F070,江岸区中山大道 909 号,1926 年,5.0,48814.8,1.101,0.1552,8.0,29619.5,3.557,0.1507,13.0,26390.5,0.626,0.2182,1.333,0.0863,0.2976,6.0,0.333,0.841
B004,中孚银行（汉口分行）旧址,英租界,British,Unambiguous,英租界,,1,F065,江岸区中山大道 897 号,1928 年,5.0,44596.8,0.644,0.1418,27.0,21887.81,1.021,0.3757,7.0,41167.29,0.548,0.1832,0.751,0.1519,0.0764,10.0,0.2,0.559
B005,老沙逊洋行仓库,英租界,British,Unambiguous,英租界,,1,F012,江岸区沿江大道 136 号,1920 年,13.0,57422.85,0.639,0.4745,5.0,8477.3,0.492,0.0269,25.0,4588.56,0.911,0.0729,1.777,0.111,0.1636,20.0,0.65,0.928
B006,沿江大道 140 号（太吉洋行汉口分行）,英租界,British,Unambiguous,英租界,,1,F016,江岸区沿江大道 140 号,1916 年,27.0,22284.04,0.904,0.3826,6.0,33512.08,1.508,0.1279,11.0,38568.77,0.294,0.2698,1.333,0.1731,0.3376,10.0,0.4,0.808
B007,沿江大道 144 号建筑,英租界,British,Unambiguous,英租界,,1,F019,江岸区沿江大道 144 号,1920 年代,12.0,37398.29,0.631,0.2854,1.0,36517.5,0.588,0.0232,7.0,78159.29,0.159,0.3479,1.333,0.1339,0.443,2.0,0.5,0.89
B008,汉润里,英租界,British,Unambiguous,英租界,,1,F074,江岸区汉润里 1-63 号（中山大道与交易街之间）,1916 年,6.0,20339.25,0.696,0.0776,10.0,17204.5,0.707,0.1093,2.0,87874.75,0.105,0.1117,0.92,0.0988,0.1162,3.0,0.0,0.829
B009,叶蓬公馆旧址,英租界,British,Unambiguous,英租界,,1,F001,江岸区洞庭街 105 号,1930 年代,13.0,39923.85,1.218,0.33,29.0,13149.84,0.824,0.2425,8.0,41578.38,0.81,0.2115,1.333,0.1906,0.2063,11.0,0.364,0.715
B010,大孚银行（汉口分行）旧址,英租界,British,Unambiguous,英租界,,1,F059,江岸区中山大道 885 号,1929 年,8.0,23887.25,1.102,0.1215,23.0,15975.43,2.004,0.2336,9.0,14679.39,1.095,0.084,1.309,0.1114,0.0698,7.0,0.143,0.774
B011,圣教书局旧址,英租界,British,Unambiguous,英租界,,1,F043,江岸区鄱阳街 32 号,1923 年,18.0,24353.19,0.616,0.2786,14.0,30370.89,2.393,0.2703,16.0,13369.69,0.43,0.136,0.9,0.1162,0.2817,14.0,0.714,0.666
B012,中共中央领导人汉口驻地旧址,英租界,British,Attribution-sensitive,俄租界,F076,1,F076,江岸区胜利街 165-167 号,1920 年代,20.0,9658.5,0.924,0.1228,4.0,20506.75,0.486,0.0522,9.0,36056.22,0.272,0.2063,0.928,0.1114,0.1838,5.0,0.4,0.859
B013,汉口汇丰银行大楼,英租界,British,Unambiguous,英租界,,1,F018,江岸区沿江大道 143 号,1920 年,23.0,15393.91,0.926,0.2252,22.0,6529.66,0.957,0.0914,27.0,23292.61,0.507,0.3999,3.0,0.1462,0.4216,4.0,0.5,0.819
B014,汉口商业银行大楼,英租界,British,Unambiguous,英租界,,1,F058,江岸区中山大道 883 号,1929 年,11.0,21495.18,0.791,0.1504,16.0,48731.88,1.345,0.4958,8.0,51221.5,0.123,0.2606,1.333,0.1553,0.1479,12.0,0.083,0.767
B015,汉口电话局旧址,英租界,British,Unambiguous,英租界,,1,F057,江岸区中山大道 873 号,1917 年,11.0,18928.36,0.656,0.1324,6.0,162080.67,3.3,0.6184,8.0,66927.38,0.247,0.3405,1.333,0.1661,0.1579,22.0,0.0,0.767
B016,汉口盐业银行大楼,英租界,British,Unambiguous,英租界,,1,F063,江岸区中山大道 893 号,1928 年,13.0,35262.23,0.912,0.2915,8.0,77682.69,2.302,0.3952,17.0,23041.71,0.326,0.2491,1.333,0.1541,0.0881,6.0,0.0,0.729
B017,汉口鄱阳街 5-11 号（汉口民生轮船公司旧址）,英租界,British,Unambiguous,英租界,,5,"F050, F053, F056, F067, F075",江岸区鄱阳街 5-11 号,1926 年,14.4,32732.920000000002,0.9978,0.26196,11.2,81187.926,1.4118,0.21258,5.8,37660.698,0.7569999999999999,0.10436000000000001,1.251,0.13162000000000001,0.20542,7.0,0.36260000000000003,0.7325999999999999
B018,保安洋行旧址,英租界,British,Unambiguous,英租界,,2,"F014, F015",江岸区沿江大道 138 号,1912 年,9.5,35574.085,0.874,0.25095,1.0,41747.25,0.4405,0.026549999999999997,3.5,52000.525,0.403,0.1252,0.8,0.08085,0.11735,11.5,0.479,0.8434999999999999
B019,保顺洋行旧址,英租界,British,Unambiguous,英租界,,1,F017,江岸区沿江大道 141 号,1910 年,14.0,39823.21,0.552,0.3545,28.0,5365.93,0.749,0.0955,49.0,4383.58,0.932,0.1366,1.333,0.1432,0.2389,3.0,0.333,0.844
B020,武汉美术馆（金城银行旧址、金城里）,英租界,British,Unambiguous,英租界,,1,F069,江岸区中山大道 903 号（金城银行）、金城里 1-28 号,1931 年,11.0,34537.36,0.7,0.2416,20.0,30107.8,0.965,0.3829,17.0,23950.76,0.439,0.2589,1.333,0.178,0.1067,7.0,0.0,0.803
B021,上海银行汉口分行旧址（含中南银行）,英租界,British,Unambiguous,英租界,,1,F066,江岸区中山大道 899 号,1927 年,10.0,40957.45,0.728,0.2605,16.0,43202.16,1.659,0.4396,14.0,29748.61,0.418,0.2648,1.333,0.1798,0.1542,5.0,0.0,0.809
B022,怡和洋行住宅,俄租界,Russian,Unambiguous,俄租界,,1,F029,胜利街 171 号,1910 年代,32.0,5785.06,1.662,0.1177,17.0,31980.94,2.648,0.3457,5.0,14006.7,0.368,0.0445,1.416,0.1764,0.0758,8.0,0.125,0.763
B023,周星堂公馆,俄租界,Russian,Unambiguous,俄租界,,3,"F006, F007, F008",江岸区珞珈山街 12 号,1920 年代,9.0,30757.3,0.7893333333333333,0.1787,4.666666666666667,56401.22333333333,1.2473333333333334,0.18466666666666665,3.0,55137.833333333336,0.2356666666666667,0.09193333333333333,1.333,0.10296666666666666,0.5825666666666667,1.6666666666666667,0.111,0.6363333333333333
B024,五花宾馆,俄租界,Russian,Unambiguous,俄租界,,2,"F038, F039",黎黄陂路 27 号,1930 年代,9.5,60201.045,0.861,0.1592,9.5,9201.485,0.786,0.0258,6.5,41598.905,0.2965,0.07544999999999999,1.414,0.059399999999999994,0.08645,9.5,0.42200000000000004,0.91
B025,高氏老宅,俄租界,Russian,Unambiguous,俄租界,,1,F021,江岸区胜利街 153 号,1905 年,26.0,61058.1,0.694,0.3758,87.0,12986.82,0.889,0.2675,8.0,217661.75,0.076,0.4122,0.791,0.1407,0.0541,15.0,0.267,0.857
B026,沿江大道 163 号建筑,俄租界,Russian,Unambiguous,俄租界,,1,F025,江岸区沿江大道 163 号,1920 年代,14.0,25857.43,0.672,0.2302,4.0,27543.12,0.726,0.07,23.0,19593.37,0.765,0.2865,1.628,0.1132,0.1265,10.0,0.5,0.895
B027,国营招商局汉口分局,俄租界,Russian,Unambiguous,俄租界,,1,F026,江岸区沿江大道 164 号,1927 年,19.0,12370.24,0.64,0.1495,3.0,10406.17,0.867,0.0199,8.0,30995.12,0.192,0.1577,1.963,0.0784,0.42,1.0,0.0,0.766
B028,三北轮船公司办公楼,俄租界,Russian,Unambiguous,俄租界,,1,F028,江岸区沿江大道 165 号,1920 年代,23.0,17256.7,0.769,0.2523,13.0,1346.19,0.987,0.0111,5.0,28125.8,0.605,0.0894,1.155,0.1131,0.0991,8.0,0.5,0.805
B029,汉口俄国总领事馆大楼,俄租界,Russian,Unambiguous,俄租界,,2,"F023, F024",江岸区沿江大道 162 号（与俄国领事馆旧址同址）,1896 年,10.0,19362.375,0.8185,0.12304999999999999,5.0,30119.415,0.6154999999999999,0.095,3.5,80765.79000000001,0.23299999999999998,0.11574999999999999,1.016,0.07135,0.29825,7.0,0.53,0.8029999999999999
B030,东方汇理银行汉口支行旧址,俄租界,Russian,Unambiguous,俄租界,,1,F022,江岸区沿江大道 161 号,1915 年,2.0,355861.25,1.007,0.4529,3.0,8450.83,0.768,0.0161,15.0,23607.57,0.69,0.2253,1.568,0.079,0.1337,5.0,0.4,0.874
B031,胜利街 112-114 号建筑,俄租界,Russian,Unambiguous,俄租界,,3,"F002, F003, F004",江岸区胜利街 112-114 号,1920 年代,22.333333333333332,24615.62,0.8156666666666667,0.32613333333333333,8.333333333333334,22329.51,0.9723333333333333,0.08796666666666665,8.0,12503.063333333334,0.7436666666666666,0.06496666666666666,1.3886666666666667,0.14446666666666666,0.2579666666666667,9.0,0.18333333333333335,0.599
B032,汉口俄租界巡捕房旧址,俄租界,Russian,Unambiguous,俄租界,,1,F030,江岸区胜利街 193 号,1902 年,26.0,61058.1,0.694,0.3758,87.0,12986.82,0.889,0.2675,8.0,217661.75,0.076,0.4122,0.84,0.2078,0.7463,2.0,0.5,0.895
B033,汉口美国领事馆旧址,俄租界,Russian,Unambiguous,俄租界,,1,F020,江岸区沿江大道 148 号,1915 年,70.0,10292.79,0.689,0.458,2.0,19591.0,0.52,0.0249,13.0,9669.15,0.348,0.0799,2.334,0.1962,0.3572,10.0,0.4,0.797
B034,中山大道895-897号建筑,俄租界,Russian,Attribution-sensitive,英租界,F064,1,F064,江岸区中山大道 895-897 号,1920 年,18.0,23152.69,1.018,0.265,16.0,49096.41,1.572,0.4996,21.0,17540.05,0.429,0.2343,1.681,0.1852,0.084,12.0,0.083,0.751
B035,汉口信义公所,俄租界,Russian,Unambiguous,俄租界,,1,F055,江岸区鄱阳街 77 号,1910 年,8.0,50885.94,0.655,0.2588,2.0,162935.25,0.814,0.2072,5.0,78521.5,0.155,0.2496,0.8,0.1184,0.2139,16.0,0.375,0.737
B036,武汉中共中央机关旧址纪念馆,俄租界,Russian,Unambiguous,俄租界,,1,F027,江岸区胜利街 165 号,1927 年,10.0,26583.1,0.778,0.169,25.0,29433.3,1.406,0.4678,2.0,77409.75,0.094,0.0984,1.145,0.281,0.0676,7.0,0.429,0.816
B037,汉口国民政府外交部旧址,法租界,French,Unambiguous,法租界,,1,F077,江岸区一元路 5 号,1925 年,11.0,30290.0,1.084,0.0935,1.0,118778.0,0.628,0.0333,11.0,40591.0,0.443,0.1252,1.414,0.0912,0.1148,4.0,0.0,0.813
B038,浸安教会学校旧址,法租界,French,Unambiguous,法租界,,2,"F051, F052",江岸区鄱阳街 69 号,1920 年代,6.5,32800.155,0.683,0.12415000000000001,6.5,75196.625,0.6955,0.3069,6.5,74218.875,0.5325,0.2993,1.5,0.1875,0.1368,9.0,0.333,0.5449999999999999
B039,邮局职员宿舍,法租界,French,Unambiguous,法租界,,1,F005,江岸区洞庭街 120 号,1930 年代,25.0,56823.94,1.199,0.4483,2.0,31316.25,0.738,0.0198,9.0,52875.89,0.623,0.1502,1.493,0.1905,0.0711,19.0,0.053,0.78
B040,中山大道 891-903 号建筑,法租界,French,Attribution-sensitive,英租界; 法租界,F068,2,"F062, F068",江岸区中山大道 891-903 号,1929 年,10.0,38651.3,0.794,0.24575000000000002,6.0,141700.20500000002,2.1035,0.5168,16.0,24908.595,0.46799999999999997,0.23759999999999998,1.3585,0.1711,0.0801,7.5,0.0715,0.6635
B041,中山大道 889 号建筑,法租界,French,Attribution-sensitive,英租界; 法租界,F072,2,"F061, F072",江岸区中山大道 889 号,1928 年,16.0,20248.195,0.849,0.20115,32.0,12940.55,1.1315,0.2784,11.0,28296.18,0.906,0.19790000000000002,1.25,0.08005000000000001,0.12485,5.5,0.1,0.8635
B042,市政府礼堂（原法国市政厅）,法租界,French,Unambiguous,法租界,,2,"F031, F040",江岸区一元路 2 号,1930 年,15.5,8644.185000000001,0.9284999999999999,0.09169999999999999,19.0,9085.645,1.365,0.10145000000000001,6.0,37507.78,0.276,0.10555,1.333,0.0886,0.08615,12.0,0.22250000000000003,0.8945000000000001
B043,洞庭街 38-40 号建筑,法租界,French,Attribution-sensitive,法租界; 俄租界,"F048, F049",3,"F009, F048, F049",江岸区洞庭街 38-40 号,1990 年代,7.333333333333333,35319.426666666666,0.7096666666666667,0.19793333333333332,6.666666666666667,9791.556666666665,0.7416666666666667,0.05723333333333333,2.0,34124.64,0.4586666666666666,0.05783333333333334,0.8013333333333333,0.10510000000000001,0.33913333333333334,4.0,0.254,0.7373333333333333
B044,关麟书旧宅,法租界,French,Unambiguous,法租界,,1,F011,江岸区洞庭街 135 号,1920 年代,13.0,9206.77,0.764,0.2064,13.0,17243.62,0.956,0.3866,2.0,558.5,0.894,0.0019,0.804,0.1001,0.0208,6.0,0.333,0.608
B045,涂堃山公馆,法租界,French,Unambiguous,法租界,,1,F013,江岸区洞庭街 137 号,1920 年代,3.0,8118.0,0.608,0.0585,2.0,16100.75,0.634,0.0773,0.0,0.0,0.0,0.0,1.12,0.3352,0.6375,1.0,0.0,0.897
B046,洞庭街 91-97 号建筑,法租界,French,Unambiguous,法租界,,1,F073,江岸区洞庭街 91-97 号,1920 年代,9.0,44101.39,0.601,0.2523,17.0,23134.53,0.893,0.25,9.0,36302.94,0.369,0.2077,0.8,0.1753,0.1294,15.0,0.2,0.822
B047,望德堂,法租界,French,Unambiguous,法租界,,1,F054,江岸区鄱阳街 71 号,1920 年代,17.0,48625.97,0.462,0.5257,1.0,33304.5,0.728,0.0212,10.0,28607.15,0.23,0.1819,1.333,0.181,0.8828,1.0,0.0,0.846
B048,周苍柏公馆,法租界,French,Unambiguous,法租界,,1,F037,江岸区胜利街 247 号,1930 年代,5.0,54940.6,0.721,0.1746,23.0,35625.52,1.298,0.5209,12.0,39998.0,0.424,0.3051,1.25,0.2028,0.4678,4.0,0.25,0.873
B049,德明饭店,法租界,French,Unambiguous,法租界,,1,F036,江岸区胜利街 245 号,1919 年,10.0,34551.05,0.631,0.2196,1.0,88253.5,0.59,0.0561,8.0,42745.69,0.342,0.2174,1.25,0.1721,0.364,5.0,0.4,0.934
B050,胜利街 237-243 号建筑,法租界,French,Unambiguous,法租界,,1,F035,江岸区胜利街 237-243 号,1920 年代,9.0,53944.67,0.645,0.3087,1.0,93009.5,0.548,0.0591,12.0,35835.29,0.437,0.2735,1.569,0.0765,0.3515,2.0,0.0,0.926
B051,平汉铁路局宿舍,法租界,French,Unambiguous,法租界,,2,"F033, F034",江岸区胜利街 235 号,1930 年代,9.0,36292.33,0.599,0.2077,2.0,104198.625,5.3985,0.13255,11.0,45857.375,0.386,0.31325000000000003,1.206,0.0998,0.16344999999999998,11.0,0.34149999999999997,0.9345
B052,铁路饭店,法租界,French,Unambiguous,法租界,,1,F032,江岸区胜利街 223 号,1920 年代,10.0,17029.8,1.007,0.1156,12.0,21808.12,0.804,0.1777,2.0,67790.75,0.156,0.0921,0.869,0.1324,0.1838,8.0,0.375,0.631
B053,赞誉药房旧址,法租界,French,Unambiguous,法租界,,1,F060,江岸区中山大道 887 号,1925 年,10.0,18040.55,0.918,0.1147,31.0,11766.06,1.986,0.232,10.0,19663.4,1.203,0.125,1.333,0.1304,0.1872,7.0,0.143,0.789
B054,胜利街 325 号建筑,德租界,German,Unambiguous,德租界,,1,F042,江岸区胜利街 325 号,1910 年代,13.0,35465.92,0.704,0.2931,5.0,34594.7,0.886,0.11,5.0,60868.3,0.115,0.1935,0.8,0.1615,0.0789,11.0,0.182,0.802
B055,胜利街 307 号建筑,德租界,German,Unambiguous,德租界,,1,F041,江岸区胜利街 307 号,1910 年代,31.0,19973.05,0.708,0.3937,101.0,3936.5,1.412,0.2528,6.0,7462.33,0.825,0.0285,3.0,0.1305,0.0661,16.0,0.375,0.79
B056,夏斗寅汉口公馆,日租界,Japanese,Unambiguous,日租界,,1,F046,江岸区胜利街 335 号,1930 年代,5.0,24524.3,0.688,0.078,7.0,122912.29,1.53,0.5471,5.0,56510.4,0.528,0.1797,1.333,0.1422,0.1666,6.0,0.333,0.865
B057,胜利街 337 号建筑,日租界,Japanese,Unambiguous,日租界,,1,F047,江岸区胜利街 337 号,1930 年代,13.0,11222.38,0.64,0.0928,10.0,68606.8,1.849,0.4363,2.0,11025.0,0.22,0.014,1.333,0.14,0.3351,1.0,0.0,0.916
B058,胜利街 333 号建筑,日租界,Japanese,Unambiguous,日租界,,1,F045,江岸区胜利街 333 号,1930 年代,10.0,23311.85,0.605,0.1482,4.0,163816.88,3.916,0.4167,2.0,51152.0,0.27,0.0651,1.333,0.1653,0.1926,8.0,0.125,0.902
B059,胜利街 331 号建筑,日租界,Japanese,Unambiguous,日租界,,1,F044,江岸区胜利街 331 号,1930 年代,6.0,16130.25,1.374,0.0615,12.0,41606.33,0.897,0.3174,4.0,59576.5,1.707,0.1515,0.8,0.1678,0.1399,10.0,0.3,0.839
