building_id,building_name_cn,analysis_concession_cn,analysis_concession_en,boundary_attribution,source_facade_concessions_cn,boundary_facade_ids,facade_count,facade_ids,address,year,total_components,window_total,window_cluster_1_n,window_cluster_1_prop,window_cluster_2_n,window_cluster_2_prop,window_cluster_3_n,window_cluster_3_prop,door_total,door_cluster_1_n,door_cluster_1_prop,door_cluster_2_n,door_cluster_2_prop,column_total,column_cluster_1_n,column_cluster_1_prop,column_cluster_2_n,column_cluster_2_prop
B001,大陆坊、大陆银行（汉口分行）,英租界,British,Unambiguous,英租界,,1,F071,江岸区中山大道 911 号（大陆银行）、洞庭街 115 号（大陆坊）,1933 年,39,27,9,0.3333333333333333,8,0.2962962962962963,10,0.37037037037037035,8,0,0,8,1,4,4,1,0,0
B002,中央信托局汉口分局旧址,英租界,British,Unambiguous,英租界,,1,F010,江岸区沿江大道 134 号,1940 年代初,100,72,0,0,3,0.041666666666666664,69,0.9583333333333334,6,0,0,6,1,22,0,0,22,1
B003,浙江实业银行（汉口分行）旧址,英租界,British,Unambiguous,英租界,,1,F070,江岸区中山大道 909 号,1926 年,19,5,0,0,0,0,5,1,3,0,0,3,1,11,0,0,11,1
B004,中孚银行（汉口分行）旧址,英租界,British,Unambiguous,英租界,,1,F065,江岸区中山大道 897 号,1928 年,11,5,4,0.8,0,0,1,0.2,1,0,0,1,1,5,5,1,0,0
B005,老沙逊洋行仓库,英租界,British,Unambiguous,英租界,,1,F012,江岸区沿江大道 136 号,1920 年,130,119,0,0,24,0.20168067226890757,95,0.7983193277310925,5,0,0,5,1,6,0,0,6,1
B006,沿江大道 140 号（太吉洋行汉口分行）,英租界,British,Unambiguous,英租界,,1,F016,江岸区沿江大道 140 号,1916 年,47,27,13,0.48148148148148145,0,0,14,0.5185185185185185,1,0,0,1,1,19,0,0,19,1
B007,沿江大道 144 号建筑,英租界,British,Unambiguous,英租界,,1,F019,江岸区沿江大道 144 号,1920 年代,31,12,6,0.5,0,0,6,0.5,1,0,0,1,1,18,0,0,18,1
B008,汉润里,英租界,British,Unambiguous,英租界,,1,F074,江岸区汉润里 1-63 号（中山大道与交易街之间）,1916 年,11,6,0,0,0,0,6,1,3,0,0,3,1,2,0,0,2,1
B009,叶蓬公馆旧址,英租界,British,Unambiguous,英租界,,1,F001,江岸区洞庭街 105 号,1930 年代,27,18,4,0.2222222222222222,0,0,14,0.7777777777777778,5,0,0,5,1,4,0,0,4,1
B010,大孚银行（汉口分行）旧址,英租界,British,Unambiguous,英租界,,1,F059,江岸区中山大道 885 号,1929 年,18,9,0,0,3,0.3333333333333333,6,0.6666666666666666,5,3,0.6,2,0.4,4,0,0,4,1
B011,圣教书局旧址,英租界,British,Unambiguous,英租界,,1,F043,江岸区鄱阳街 32 号,1923 年,38,21,0,0,1,0.047619047619047616,20,0.9523809523809523,3,0,0,3,1,14,0,0,14,1
B012,中共中央领导人汉口驻地旧址,英租界,British,Attribution-sensitive,俄租界,F076,1,F076,江岸区胜利街 165-167 号,1920 年代,28,13,0,0,7,0.5384615384615384,6,0.46153846153846156,3,0,0,3,1,12,0,0,12,1
B013,汉口汇丰银行大楼,英租界,British,Unambiguous,英租界,,1,F018,江岸区沿江大道 143 号,1920 年,126,67,1,0.014925373134328358,47,0.7014925373134329,19,0.2835820895522388,20,0,0,20,1,39,0,0,39,1
B014,汉口商业银行大楼,英租界,British,Unambiguous,英租界,,1,F058,江岸区中山大道 883 号,1929 年,36,13,0,0,2,0.15384615384615385,11,0.8461538461538461,7,5,0.7142857142857143,2,0.2857142857142857,16,16,1,0,0
B015,汉口电话局旧址,英租界,British,Unambiguous,英租界,,1,F057,江岸区中山大道 873 号,1917 年,29,8,0,0,0,0,8,1,5,3,0.6,2,0.4,16,16,1,0,0
B016,汉口盐业银行大楼,英租界,British,Unambiguous,英租界,,1,F063,江岸区中山大道 893 号,1928 年,37,17,15,0.8823529411764706,0,0,2,0.11764705882352941,2,0,0,2,1,18,18,1,0,0
B017,汉口鄱阳街 5-11 号（汉口民生轮船公司旧址）,英租界,British,Unambiguous,英租界,,5,"F050, F053, F056, F067, F075",江岸区鄱阳街 5-11 号,1926 年,104,72,21,0.2916666666666667,1,0.013888888888888888,50,0.6944444444444444,12,0,0,12,1,20,3,0.15,17,0.85
B018,保安洋行旧址,英租界,British,Unambiguous,英租界,,2,"F014, F015",江岸区沿江大道 138 号,1912 年,25,18,0,0,1,0.05555555555555555,17,0.9444444444444444,2,0,0,2,1,5,0,0,5,1
B019,保顺洋行旧址,英租界,British,Unambiguous,英租界,,1,F017,江岸区沿江大道 141 号,1910 年,54,45,0,0,9,0.2,36,0.8,7,0,0,7,1,2,0,0,2,1
B020,武汉美术馆（金城银行旧址、金城里）,英租界,British,Unambiguous,英租界,,1,F069,江岸区中山大道 903 号（金城银行）、金城里 1-28 号,1931 年,30,11,11,1,0,0,0,0,3,0,0,3,1,16,16,1,0,0
B021,上海银行汉口分行旧址（含中南银行）,英租界,British,Unambiguous,英租界,,1,F066,江岸区中山大道 899 号,1927 年,26,10,10,1,0,0,0,0,2,0,0,2,1,14,14,1,0,0
B022,怡和洋行住宅,俄租界,Russian,Unambiguous,俄租界,,1,F029,胜利街 171 号,1910 年代,15,9,0,0,0,0,9,1,2,0,0,2,1,4,0,0,4,1
B023,周星堂公馆,俄租界,Russian,Unambiguous,俄租界,,3,"F006, F007, F008",江岸区珞珈山街 12 号,1920 年代,48,29,1,0.034482758620689655,0,0,28,0.9655172413793104,10,0,0,10,1,9,6,0.6666666666666666,3,0.3333333333333333
B024,五花宾馆,俄租界,Russian,Unambiguous,俄租界,,2,"F038, F039",黎黄陂路 27 号,1930 年代,35,17,3,0.17647058823529413,0,0,14,0.8235294117647058,6,0,0,6,1,12,0,0,12,1
B025,高氏老宅,俄租界,Russian,Unambiguous,俄租界,,1,F021,江岸区胜利街 153 号,1905 年,61,27,25,0.9259259259259259,0,0,2,0.07407407407407407,1,0,0,1,1,33,33,1,0,0
B026,沿江大道 163 号建筑,俄租界,Russian,Unambiguous,俄租界,,1,F025,江岸区沿江大道 163 号,1920 年代,30,14,13,0.9285714285714286,0,0,1,0.07142857142857142,2,0,0,2,1,14,0,0,14,1
B027,国营招商局汉口分局,俄租界,Russian,Unambiguous,俄租界,,1,F026,江岸区沿江大道 164 号,1927 年,31,22,0,0,14,0.6363636363636364,8,0.36363636363636365,1,0,0,1,1,8,0,0,8,1
B028,三北轮船公司办公楼,俄租界,Russian,Unambiguous,俄租界,,1,F028,江岸区沿江大道 165 号,1920 年代,36,29,0,0,12,0.41379310344827586,17,0.5862068965517241,1,1,1,0,0,6,0,0,6,1
B029,汉口俄国总领事馆大楼,俄租界,Russian,Unambiguous,俄租界,,2,"F023, F024",江岸区沿江大道 162 号（与俄国领事馆旧址同址）,1896 年,42,21,1,0.047619047619047616,1,0.047619047619047616,19,0.9047619047619048,9,0,0,9,1,12,2,0.16666666666666666,10,0.8333333333333334
B030,东方汇理银行汉口支行旧址,俄租界,Russian,Unambiguous,俄租界,,1,F022,江岸区沿江大道 161 号,1915 年,134,118,0,0,113,0.9576271186440678,5,0.0423728813559322,3,1,0.3333333333333333,2,0.6666666666666666,13,0,0,13,1
B031,胜利街 112-114 号建筑,俄租界,Russian,Unambiguous,俄租界,,3,"F002, F003, F004",江岸区胜利街 112-114 号,1920 年代,80,60,14,0.23333333333333334,5,0.08333333333333333,41,0.6833333333333333,6,0,0,6,1,14,2,0.14285714285714285,12,0.8571428571428571
B032,汉口俄租界巡捕房旧址,俄租界,Russian,Unambiguous,俄租界,,1,F030,江岸区胜利街 193 号,1902 年,61,27,25,0.9259259259259259,0,0,2,0.07407407407407407,1,0,0,1,1,33,33,1,0,0
B033,汉口美国领事馆旧址,俄租界,Russian,Unambiguous,俄租界,,1,F020,江岸区沿江大道 148 号,1915 年,93,78,0,0,17,0.21794871794871795,61,0.782051282051282,2,0,0,2,1,13,0,0,13,1
B034,中山大道895-897号建筑,俄租界,Russian,Attribution-sensitive,英租界,F064,1,F064,江岸区中山大道 895-897 号,1920 年,44,21,15,0.7142857142857143,1,0.047619047619047616,5,0.23809523809523808,3,0,0,3,1,20,20,1,0,0
B035,汉口信义公所,俄租界,Russian,Unambiguous,俄租界,,1,F055,江岸区鄱阳街 77 号,1910 年,15,8,0,0,0,0,8,1,2,1,0.5,1,0.5,5,0,0,5,1
B036,武汉中共中央机关旧址纪念馆,俄租界,Russian,Unambiguous,俄租界,,1,F027,江岸区胜利街 165 号,1927 年,18,10,2,0.2,0,0,8,0.8,6,0,0,6,1,2,0,0,2,1
B037,汉口国民政府外交部旧址,法租界,French,Unambiguous,法租界,,1,F077,江岸区一元路 5 号,1925 年,26,9,0,0,6,0.6666666666666666,3,0.3333333333333333,1,0,0,1,1,16,0,0,16,1
B038,浸安教会学校旧址,法租界,French,Unambiguous,法租界,,2,"F051, F052",江岸区鄱阳街 69 号,1920 年代,23,7,0,0,0,0,7,1,8,1,0.125,7,0.875,8,0,0,8,1
B039,邮局职员宿舍,法租界,French,Unambiguous,法租界,,1,F005,江岸区洞庭街 120 号,1930 年代,63,58,1,0.017241379310344827,12,0.20689655172413793,45,0.7758620689655172,1,0,0,1,1,4,2,0.5,2,0.5
B040,中山大道 891-903 号建筑,法租界,French,Attribution-sensitive,英租界; 法租界,F068,2,"F062, F068",江岸区中山大道 891-903 号,1929 年,55,21,17,0.8095238095238095,0,0,4,0.19047619047619047,6,0,0,6,1,28,28,1,0,0
B041,中山大道 889 号建筑,法租界,French,Attribution-sensitive,英租界; 法租界,F072,2,"F061, F072",江岸区中山大道 889 号,1928 年,62,30,8,0.26666666666666666,10,0.3333333333333333,12,0.4,8,2,0.25,6,0.75,24,15,0.625,9,0.375
B042,市政府礼堂（原法国市政厅）,法租界,French,Unambiguous,法租界,,2,"F031, F040",江岸区一元路 2 号,1930 年,59,33,0,0,19,0.5757575757575758,14,0.42424242424242425,13,0,0,13,1,13,0,0,13,1
B043,洞庭街 38-40 号建筑,法租界,French,Attribution-sensitive,法租界; 俄租界,"F048, F049",3,"F009, F048, F049",江岸区洞庭街 38-40 号,1990 年代,59,43,0,0,23,0.5348837209302325,20,0.46511627906976744,9,0,0,9,1,7,0,0,7,1
B044,关麟书旧宅,法租界,French,Unambiguous,法租界,,1,F011,江岸区洞庭街 135 号,1920 年代,15,12,0,0,6,0.5,6,0.5,3,0,0,3,1,0,0,,0,
B045,涂堃山公馆,法租界,French,Unambiguous,法租界,,1,F013,江岸区洞庭街 137 号,1920 年代,5,3,0,0,2,0.6666666666666666,1,0.3333333333333333,2,0,0,2,1,0,0,,0,
B046,洞庭街 91-97 号建筑,法租界,French,Unambiguous,法租界,,1,F073,江岸区洞庭街 91-97 号,1920 年代,21,10,4,0.4,0,0,6,0.6,5,0,0,5,1,6,1,0.16666666666666666,5,0.8333333333333334
B047,望德堂,法租界,French,Unambiguous,法租界,,1,F054,江岸区鄱阳街 71 号,1920 年代,71,57,4,0.07017543859649122,14,0.24561403508771928,39,0.6842105263157895,1,0,0,1,1,13,0,0,13,1
B048,周苍柏公馆,法租界,French,Unambiguous,法租界,,1,F037,江岸区胜利街 247 号,1930 年代,22,5,5,1,0,0,0,0,5,0,0,5,1,12,12,1,0,0
B049,德明饭店,法租界,French,Unambiguous,法租界,,1,F036,江岸区胜利街 245 号,1919 年,26,11,8,0.7272727272727273,0,0,3,0.2727272727272727,1,0,0,1,1,14,0,0,14,1
B050,胜利街 237-243 号建筑,法租界,French,Unambiguous,法租界,,1,F035,江岸区胜利街 237-243 号,1920 年代,22,9,9,1,0,0,0,0,1,0,0,1,1,12,0,0,12,1
B051,平汉铁路局宿舍,法租界,French,Unambiguous,法租界,,2,"F033, F034",江岸区胜利街 235 号,1930 年代,50,18,10,0.5555555555555556,0,0,8,0.4444444444444444,2,0,0,2,1,30,0,0,30,1
B052,铁路饭店,法租界,French,Unambiguous,法租界,,1,F032,江岸区胜利街 223 号,1920 年代,5,2,1,0.5,0,0,1,0.5,1,0,0,1,1,2,0,0,2,1
B053,赞誉药房旧址,法租界,French,Unambiguous,法租界,,1,F060,江岸区中山大道 887 号,1925 年,24,11,0,0,5,0.45454545454545453,6,0.5454545454545454,7,7,1,0,0,6,0,0,6,1
B054,胜利街 325 号建筑,德租界,German,Unambiguous,德租界,,1,F042,江岸区胜利街 325 号,1910 年代,35,20,0,0,7,0.35,13,0.65,5,0,0,5,1,10,0,0,10,1
B055,胜利街 307 号建筑,德租界,German,Unambiguous,德租界,,1,F041,江岸区胜利街 307 号,1910 年代,55,47,0,0,9,0.19148936170212766,38,0.8085106382978723,7,0,0,7,1,1,0,0,1,1
B056,夏斗寅汉口公馆,日租界,Japanese,Unambiguous,日租界,,1,F046,江岸区胜利街 335 号,1930 年代,10,5,2,0.4,0,0,3,0.6,1,0,0,1,1,4,3,0.75,1,0.25
B057,胜利街 337 号建筑,日租界,Japanese,Unambiguous,日租界,,1,F047,江岸区胜利街 337 号,1930 年代,16,13,0,0,2,0.15384615384615385,11,0.8461538461538461,1,0,0,1,1,2,1,0.5,1,0.5
B058,胜利街 333 号建筑,日租界,Japanese,Unambiguous,日租界,,1,F045,江岸区胜利街 333 号,1930 年代,16,10,0,0,0,0,10,1,2,0,0,2,1,4,2,0.5,2,0.5
B059,胜利街 331 号建筑,日租界,Japanese,Unambiguous,日租界,,1,F044,江岸区胜利街 331 号,1930 年代,7,3,0,0,0,0,3,1,2,0,0,2,1,2,2,1,0,0
