facade_id,building_id,building_name,concession,concession_cn,Window count,Mean window area,Mean window width-to-height ratio,Total window-area ratio,Door count,Mean door area,Mean door width-to-height ratio,Total door-area ratio,Column count,Mean column area,Mean column width-to-height ratio,Total column-area ratio,Facade image width-to-height ratio,Edge-pixel ratio,Edge-derived opening-area proxy,Contour count,Curved-contour ratio,Symmetry degree,opencv_filename,record_audit_status,correction_scope
F001,B009,叶蓬公馆旧址,British,英租界,13,39923.85,1.218,0.33,29,13149.84,0.824,0.2425,8,41578.38,0.81,0.2115,1.333,0.1906,0.2063,11,0.364,0.715,building_105_38.png,No coordinate-system mismatch detected,No change
F002,B031,胜利街 112-114 号建筑,Russian,俄租界,8,22425.44,1.046,0.1141,13,25865.08,1.217,0.2138,12,17018.38,0.777,0.1298,1.5,0.1127,0.1588,12,0.25,0.419,building_112_114_47.png,No coordinate-system mismatch detected,No change
F003,B031,胜利街 112-114 号建筑,Russian,俄租界,41,18852.09,0.882,0.4915,11,3778.45,0.967,0.0264,8,5090.19,1.109,0.0259,1.333,0.198,0.0737,10,0.1,0.508,building_119_1_48.png,No coordinate-system mismatch detected,No change
F004,B031,胜利街 112-114 号建筑,Russian,俄租界,18,32569.33,0.519,0.3728,1,37345.0,0.733,0.0237,4,15400.62,0.345,0.0392,1.333,0.1227,0.5414,5,0.2,0.87,building_119_2_49.png,No coordinate-system mismatch detected,No change
F005,B039,邮局职员宿舍,French,法租界,25,56823.94,1.199,0.4483,2,31316.25,0.738,0.0198,9,52875.89,0.623,0.1502,1.493,0.1905,0.0711,19,0.053,0.78,building_120_39.png,No coordinate-system mismatch detected,No change
F006,B023,周星堂公馆,Russian,俄租界,14,34480.0,0.814,0.307,6,110746.42,1.04,0.4226,7,44702.0,0.17,0.199,1.333,0.1868,0.7288,1,0.0,0.663,building_12_19.png,No coordinate-system mismatch detected,No change
F007,B023,周星堂公馆,Russian,俄租界,10,26707.4,0.835,0.1698,2,36059.75,0.556,0.0459,1,84571.0,0.273,0.0538,1.333,0.0585,0.4095,3,0.333,0.662,building_12_2_20.png,No coordinate-system mismatch detected,No change
F008,B023,周星堂公馆,Russian,俄租界,3,31084.5,0.719,0.0593,6,22397.5,2.146,0.0855,1,36140.5,0.264,0.023,1.333,0.0636,0.6094,1,0.0,0.584,building_12_3_21.png,No coordinate-system mismatch detected,No change
F009,B043,洞庭街 38-40 号建筑,French,法租界,3,55288.0,0.418,0.286,4,13560.38,0.692,0.0935,1,324.0,1.0,0.0006,0.804,0.1373,0.2685,2,0.0,0.761,building_133_40.png,No coordinate-system mismatch detected,No change
F010,B002,中央信托局汉口分局旧址,British,英租界,7,123261.79,3.469,0.5487,9,12944.5,1.304,0.0741,15,41165.7,0.825,0.3927,1.333,0.1454,0.7508,1,0.0,0.696,building_134_23.png,No coordinate-system mismatch detected,No change
F011,B044,关麟书旧宅,French,法租界,13,9206.77,0.764,0.2064,13,17243.62,0.956,0.3866,2,558.5,0.894,0.0019,0.804,0.1001,0.0208,6,0.333,0.608,building_135_41.png,No coordinate-system mismatch detected,No change
F012,B005,老沙逊洋行仓库,British,英租界,13,57422.85,0.639,0.4745,5,8477.3,0.492,0.0269,25,4588.56,0.911,0.0729,1.777,0.111,0.1636,20,0.65,0.928,building_136_24.png,No coordinate-system mismatch detected,No change
F013,B045,涂堃山公馆,French,法租界,3,8118.0,0.608,0.0585,2,16100.75,0.634,0.0773,0,0.0,0.0,0.0,1.12,0.3352,0.6375,1,0.0,0.897,building_137_42.png,No coordinate-system mismatch detected,No change
F014,B018,保安洋行旧址,British,英租界,12,58281.38,1.028,0.4446,1,54741.5,0.547,0.0348,5,61969.8,0.276,0.197,0.8,0.1062,0.143,15,0.333,0.826,building_138_1_25.png,No coordinate-system mismatch detected,No change
F015,B018,保安洋行旧址,British,英租界,7,12866.79,0.72,0.0573,1,28753.0,0.334,0.0183,2,42031.25,0.53,0.0534,0.8,0.0555,0.0917,8,0.625,0.861,building_138_2_26.png,No coordinate-system mismatch detected,No change
F016,B006,沿江大道 140 号（太吉洋行汉口分行）,British,英租界,27,22284.04,0.904,0.3826,6,33512.08,1.508,0.1279,11,38568.77,0.294,0.2698,1.333,0.1731,0.3376,10,0.4,0.808,building_140_27.png,No coordinate-system mismatch detected,No change
F017,B019,保顺洋行旧址,British,英租界,14,39823.21,0.552,0.3545,28,5365.93,0.749,0.0955,49,4383.58,0.932,0.1366,1.333,0.1432,0.2389,3,0.333,0.844,building_141_28.png,No coordinate-system mismatch detected,No change
F018,B013,汉口汇丰银行大楼,British,英租界,23,15393.91,0.926,0.2252,22,6529.66,0.957,0.0914,27,23292.61,0.507,0.3999,3.0,0.1462,0.4216,4,0.5,0.819,building_143_29.png,No coordinate-system mismatch detected,No change
F019,B007,沿江大道 144 号建筑,British,英租界,12,37398.29,0.631,0.2854,1,36517.5,0.588,0.0232,7,78159.29,0.159,0.3479,1.333,0.1339,0.443,2,0.5,0.89,building_144_30.png,No coordinate-system mismatch detected,No change
F020,B033,汉口美国领事馆旧址,Russian,俄租界,70,10292.79,0.689,0.458,2,19591.0,0.52,0.0249,13,9669.15,0.348,0.0799,2.334,0.1962,0.3572,10,0.4,0.797,building_148_31.png,No coordinate-system mismatch detected,No change
F021,B025,高氏老宅,Russian,俄租界,26,61058.1,0.694,0.3758,87,12986.82,0.889,0.2675,8,217661.75,0.076,0.4122,0.791,0.1407,0.0541,15,0.267,0.857,building_153_155_50.png,No coordinate-system mismatch detected,No change
F022,B030,东方汇理银行汉口支行旧址,Russian,俄租界,2,355861.25,1.007,0.4529,3,8450.83,0.768,0.0161,15,23607.57,0.69,0.2253,1.568,0.079,0.1337,5,0.4,0.874,building_161_32.png,No coordinate-system mismatch detected,No change
F023,B029,汉口俄国总领事馆大楼,Russian,俄租界,10,19196.05,0.973,0.122,7,29541.5,0.688,0.1315,6,40533.08,0.368,0.1546,1.143,0.0796,0.0932,11,0.727,0.74,building_162_33.png,No coordinate-system mismatch detected,No change
F024,B029,汉口俄国总领事馆大楼,Russian,俄租界,10,19528.7,0.664,0.1241,3,30697.33,0.543,0.0585,1,120998.5,0.098,0.0769,0.889,0.0631,0.5033,3,0.333,0.866,building_162_34.png,No coordinate-system mismatch detected,No change
F025,B026,沿江大道 163 号建筑,Russian,俄租界,14,25857.43,0.672,0.2302,4,27543.12,0.726,0.07,23,19593.37,0.765,0.2865,1.628,0.1132,0.1265,10,0.5,0.895,building_163_35.png,No coordinate-system mismatch detected,No change
F026,B027,国营招商局汉口分局,Russian,俄租界,19,12370.24,0.64,0.1495,3,10406.17,0.867,0.0199,8,30995.12,0.192,0.1577,1.963,0.0784,0.42,1,0.0,0.766,building_164_36.png,No coordinate-system mismatch detected,No change
F027,B036,武汉中共中央机关旧址纪念馆,Russian,俄租界,10,26583.1,0.778,0.169,25,29433.3,1.406,0.4678,2,77409.75,0.094,0.0984,1.145,0.281,0.0676,7,0.429,0.816,building_165_167_51.png,No coordinate-system mismatch detected,No change
F028,B028,三北轮船公司办公楼,Russian,俄租界,23,17256.7,0.769,0.2523,13,1346.19,0.987,0.0111,5,28125.8,0.605,0.0894,1.155,0.1131,0.0991,8,0.5,0.805,building_165_37.png,No coordinate-system mismatch detected,No change
F029,B022,怡和洋行住宅,Russian,俄租界,32,5785.06,1.662,0.1177,17,31980.94,2.648,0.3457,5,14006.7,0.368,0.0445,1.416,0.1764,0.0758,8,0.125,0.763,building_171_52.png,No coordinate-system mismatch detected,No change
F030,B032,汉口俄租界巡捕房旧址,Russian,俄租界,26,61058.1,0.694,0.3758,87,12986.82,0.889,0.2675,8,217661.75,0.076,0.4122,0.84,0.2078,0.7463,2,0.5,0.895,building_193_153_53.png,Corrected coordinate-system mismatch,"Three component area-ratio fields only; counts, mean areas, aspect ratios, and whole-facade descriptors unchanged."
F031,B042,市政府礼堂（原法国市政厅）,French,法租界,7,7437.43,1.126,0.0331,13,11269.35,1.013,0.0932,4,67037.12,0.153,0.1705,1.333,0.0929,0.0769,6,0.167,0.926,building_1_17.png,No coordinate-system mismatch detected,No change
F032,B052,铁路饭店,French,法租界,10,17029.8,1.007,0.1156,12,21808.12,0.804,0.1777,2,67790.75,0.156,0.0921,0.869,0.1324,0.1838,8,0.375,0.631,building_223_54.png,No coordinate-system mismatch detected,No change
F033,B051,平汉铁路局宿舍,French,法租界,9,22577.44,0.596,0.1292,2,102513.5,5.395,0.1304,10,57682.75,0.398,0.3668,1.206,0.094,0.207,12,0.583,0.917,building_235_55.png,No coordinate-system mismatch detected,No change
F034,B051,平汉铁路局宿舍,French,法租界,9,50007.22,0.602,0.2862,2,105883.75,5.402,0.1347,12,34032.0,0.374,0.2597,1.206,0.1056,0.1199,10,0.1,0.952,building_235_56.png,No coordinate-system mismatch detected,No change
F035,B050,胜利街 237-243 号建筑,French,法租界,9,53944.67,0.645,0.3087,1,93009.5,0.548,0.0591,12,35835.29,0.437,0.2735,1.569,0.0765,0.3515,2,0.0,0.926,building_237_243_57.png,No coordinate-system mismatch detected,No change
F036,B049,德明饭店,French,法租界,10,34551.05,0.631,0.2196,1,88253.5,0.59,0.0561,8,42745.69,0.342,0.2174,1.25,0.1721,0.364,5,0.4,0.934,building_245_247_58.png,No coordinate-system mismatch detected,No change
F037,B048,周苍柏公馆,French,法租界,5,54940.6,0.721,0.1746,23,35625.52,1.298,0.5209,12,39998.0,0.424,0.3051,1.25,0.2028,0.4678,4,0.25,0.873,building_247_249_59.png,No coordinate-system mismatch detected,No change
F038,B024,五花宾馆,Russian,俄租界,9,68955.89,0.786,0.1741,8,6167.56,0.72,0.0138,6,44291.17,0.234,0.0745,1.414,0.0588,0.1071,9,0.444,0.899,building_27_28_2_75.png,No coordinate-system mismatch detected,No change
F039,B024,五花宾馆,Russian,俄租界,10,51446.2,0.936,0.1443,11,12235.41,0.852,0.0378,7,38906.64,0.359,0.0764,1.414,0.06,0.0658,10,0.4,0.921,building_27_28_3_76.png,No coordinate-system mismatch detected,No change
F040,B042,市政府礼堂（原法国市政厅）,French,法租界,24,9850.94,0.731,0.1503,25,6901.94,1.717,0.1097,8,7978.44,0.399,0.0406,1.333,0.0843,0.0954,18,0.278,0.863,building_2_18.png,No coordinate-system mismatch detected,No change
F041,B055,胜利街 307 号建筑,German,德租界,31,19973.05,0.708,0.3937,101,3936.5,1.412,0.2528,6,7462.33,0.825,0.0285,3.0,0.1305,0.0661,16,0.375,0.79,building_307_60.png,No coordinate-system mismatch detected,No change
F042,B054,胜利街 325 号建筑,German,德租界,13,35465.92,0.704,0.2931,5,34594.7,0.886,0.11,5,60868.3,0.115,0.1935,0.8,0.1615,0.0789,11,0.182,0.802,building_325_61.png,No coordinate-system mismatch detected,No change
F043,B011,圣教书局旧址,British,英租界,18,24353.19,0.616,0.2786,14,30370.89,2.393,0.2703,16,13369.69,0.43,0.136,0.9,0.1162,0.2817,14,0.714,0.666,building_32_34_66.png,No coordinate-system mismatch detected,No change
F044,B059,胜利街 331 号建筑,Japanese,日租界,6,16130.25,1.374,0.0615,12,41606.33,0.897,0.3174,4,59576.5,1.707,0.1515,0.8,0.1678,0.1399,10,0.3,0.839,building_331_62.png,No coordinate-system mismatch detected,No change
F045,B058,胜利街 333 号建筑,Japanese,日租界,10,23311.85,0.605,0.1482,4,163816.88,3.916,0.4167,2,51152.0,0.27,0.0651,1.333,0.1653,0.1926,8,0.125,0.902,building_333_63.png,No coordinate-system mismatch detected,No change
F046,B056,夏斗寅汉口公馆,Japanese,日租界,5,24524.3,0.688,0.078,7,122912.29,1.53,0.5471,5,56510.4,0.528,0.1797,1.333,0.1422,0.1666,6,0.333,0.865,building_335_64.png,No coordinate-system mismatch detected,No change
F047,B057,胜利街 337 号建筑,Japanese,日租界,13,11222.38,0.64,0.0928,10,68606.8,1.849,0.4363,2,11025.0,0.22,0.014,1.333,0.14,0.3351,1,0.0,0.916,building_337_65.png,No coordinate-system mismatch detected,No change
F048,B043,洞庭街 38-40 号建筑,French,法租界,8,24381.69,1.076,0.124,12,7473.67,0.789,0.057,2,34132.75,0.222,0.0434,0.8,0.0918,0.2748,7,0.429,0.737,building_38_40_1_44.png,No coordinate-system mismatch detected,No change
F049,B043,洞庭街 38-40 号建筑,French,法租界,11,26288.59,0.635,0.1838,4,8340.62,0.744,0.0212,3,67917.17,0.154,0.1295,0.8,0.0862,0.4741,3,0.333,0.714,building_38_40_2_43.png,No coordinate-system mismatch detected,No change
F050,B017,汉口鄱阳街 5-11 号（汉口民生轮船公司旧址）,British,英租界,11,50788.41,1.223,0.3553,15,6171.23,0.972,0.0589,6,74673.08,0.225,0.2849,1.333,0.1246,0.0995,8,0.375,0.896,building_5_67.png,No coordinate-system mismatch detected,No change
F051,B038,浸安教会学校旧址,French,法租界,8,20888.31,0.925,0.1062,8,71177.25,0.97,0.362,7,50926.5,0.745,0.2266,1.5,0.1914,0.1,9,0.222,0.498,building_69_1_69.png,No coordinate-system mismatch detected,No change
F052,B038,浸安教会学校旧址,French,法租界,5,44712.0,0.441,0.1421,5,79216.0,0.421,0.2518,6,97511.25,0.32,0.372,1.5,0.1836,0.1736,9,0.444,0.592,building_69_2_70.png,No coordinate-system mismatch detected,No change
F053,B017,汉口鄱阳街 5-11 号（汉口民生轮船公司旧址）,British,英租界,24,14541.56,1.02,0.2219,12,41471.33,1.172,0.3165,11,3860.41,1.426,0.027,1.333,0.1515,0.0259,5,0.2,0.586,building_6_68.png,No coordinate-system mismatch detected,No change
F054,B047,望德堂,French,法租界,17,48625.97,0.462,0.5257,1,33304.5,0.728,0.0212,10,28607.15,0.23,0.1819,1.333,0.181,0.8828,1,0.0,0.846,building_71_72.png,No coordinate-system mismatch detected,No change
F055,B035,汉口信义公所,Russian,俄租界,8,50885.94,0.655,0.2588,2,162935.25,0.814,0.2072,5,78521.5,0.155,0.2496,0.8,0.1184,0.2139,16,0.375,0.737,building_77_45.png,No coordinate-system mismatch detected,No change
F056,B017,汉口鄱阳街 5-11 号（汉口民生轮船公司旧址）,British,英租界,10,29679.05,0.655,0.1886,19,10301.13,1.111,0.1244,4,47525.5,0.203,0.1208,1.207,0.1296,0.1942,11,0.182,0.627,building_7_71.png,No coordinate-system mismatch detected,No change
F057,B015,汉口电话局旧址,British,英租界,11,18928.36,0.656,0.1324,6,162080.67,3.3,0.6184,8,66927.38,0.247,0.3405,1.333,0.1661,0.1579,22,0.0,0.767,building_873_1.png,No coordinate-system mismatch detected,No change
F058,B014,汉口商业银行大楼,British,英租界,11,21495.18,0.791,0.1504,16,48731.88,1.345,0.4958,8,51221.5,0.123,0.2606,1.333,0.1553,0.1479,12,0.083,0.767,building_883_2.png,No coordinate-system mismatch detected,No change
F059,B010,大孚银行（汉口分行）旧址,British,英租界,8,23887.25,1.102,0.1215,23,15975.43,2.004,0.2336,9,14679.39,1.095,0.084,1.309,0.1114,0.0698,7,0.143,0.774,building_885_3.png,No coordinate-system mismatch detected,No change
F060,B053,赞誉药房旧址,French,法租界,10,18040.55,0.918,0.1147,31,11766.06,1.986,0.232,10,19663.4,1.203,0.125,1.333,0.1304,0.1872,7,0.143,0.789,building_887_4.png,No coordinate-system mismatch detected,No change
F061,B041,中山大道 889 号建筑,French,法租界,18,16435.75,1.025,0.1881,39,16336.56,1.468,0.4051,11,28672.18,0.401,0.2005,1.5,0.1526,0.1069,10,0.2,0.807,building_889_5.png,No coordinate-system mismatch detected,No change
F062,B040,中山大道 891-903 号建筑,French,法租界,10,43895.65,0.729,0.2791,7,104289.21,1.675,0.4643,13,33194.69,0.297,0.2744,1.254,0.1791,0.0829,8,0.0,0.634,building_891_6.png,No coordinate-system mismatch detected,No change
F063,B016,汉口盐业银行大楼,British,英租界,13,35262.23,0.912,0.2915,8,77682.69,2.302,0.3952,17,23041.71,0.326,0.2491,1.333,0.1541,0.0881,6,0.0,0.729,building_893_7.png,No coordinate-system mismatch detected,No change
F064,B034,中山大道895-897号建筑,Russian,俄租界,18,23152.69,1.018,0.265,16,49096.41,1.572,0.4996,21,17540.05,0.429,0.2343,1.681,0.1852,0.084,12,0.083,0.751,building_897_895_8.png,No coordinate-system mismatch detected,No change
F065,B004,中孚银行（汉口分行）旧址,British,英租界,5,44596.8,0.644,0.1418,27,21887.81,1.021,0.3757,7,41167.29,0.548,0.1832,0.751,0.1519,0.0764,10,0.2,0.559,building_897_9.png,No coordinate-system mismatch detected,No change
F066,B021,上海银行汉口分行旧址（含中南银行）,British,英租界,10,40957.45,0.728,0.2605,16,43202.16,1.659,0.4396,14,29748.61,0.418,0.2648,1.333,0.1798,0.1542,5,0.0,0.809,building_899_10.png,No coordinate-system mismatch detected,No change
F067,B017,汉口鄱阳街 5-11 号（汉口民生轮船公司旧址）,British,英租界,9,42251.61,1.064,0.2418,1,280802.5,2.413,0.1786,2,58348.75,0.759,0.0742,0.882,0.0858,0.6524,2,0.5,0.844,building_8_73.png,No coordinate-system mismatch detected,No change
F068,B040,中山大道 891-903 号建筑,French,法租界,10,33406.95,0.859,0.2124,5,179111.2,2.532,0.5693,19,16622.5,0.639,0.2008,1.463,0.1631,0.0773,7,0.143,0.693,building_901_903_11.png,No coordinate-system mismatch detected,No change
F069,B020,武汉美术馆（金城银行旧址、金城里）,British,英租界,11,34537.36,0.7,0.2416,20,30107.8,0.965,0.3829,17,23950.76,0.439,0.2589,1.333,0.178,0.1067,7,0.0,0.803,building_903_12.png,No coordinate-system mismatch detected,No change
F070,B003,浙江实业银行（汉口分行）旧址,British,英租界,5,48814.8,1.101,0.1552,8,29619.5,3.557,0.1507,13,26390.5,0.626,0.2182,1.333,0.0863,0.2976,6,0.333,0.841,building_909_13.png,No coordinate-system mismatch detected,No change
F071,B001,大陆坊、大陆银行（汉口分行）,British,英租界,22,14486.55,0.728,0.2026,16,43088.0,1.389,0.4382,7,7461.36,0.784,0.0332,1.322,0.1348,0.0414,2,0.0,0.761,building_911_14.png,No coordinate-system mismatch detected,No change
F072,B041,中山大道 889 号建筑,French,法租界,14,24060.64,0.673,0.2142,25,9544.54,0.795,0.1517,11,27920.18,1.411,0.1953,1.0,0.0075,0.1428,1,0.0,0.92,building_912_15.png,Corrected coordinate-system mismatch,"Three component area-ratio fields only; counts, mean areas, aspect ratios, and whole-facade descriptors unchanged."
F073,B046,洞庭街 91-97 号建筑,French,法租界,9,44101.39,0.601,0.2523,17,23134.53,0.893,0.25,9,36302.94,0.369,0.2077,0.8,0.1753,0.1294,15,0.2,0.822,building_91_97_46.png,No coordinate-system mismatch detected,No change
F074,B008,汉润里,British,英租界,6,20339.25,0.696,0.0776,10,17204.5,0.707,0.1093,2,87874.75,0.105,0.1117,0.92,0.0988,0.1162,3,0.0,0.829,building_954_16.png,No coordinate-system mismatch detected,No change
F075,B017,汉口鄱阳街 5-11 号（汉口民生轮船公司旧址）,British,英租界,18,26403.97,1.027,0.3022,9,67193.44,1.391,0.3845,6,3895.75,1.172,0.0149,1.5,0.1666,0.0551,9,0.556,0.71,building_9_11_74.png,No coordinate-system mismatch detected,No change
F076,B012,中共中央领导人汉口驻地旧址,British,英租界,20,9658.5,0.924,0.1228,4,20506.75,0.486,0.0522,9,36056.22,0.272,0.2063,0.928,0.1114,0.1838,5,0.4,0.859,building__0.png,No coordinate-system mismatch detected,No change
F077,B037,汉口国民政府外交部旧址,French,法租界,11,30290.0,1.084,0.0935,1,118778.0,0.628,0.0333,11,40591.0,0.443,0.1252,1.414,0.0912,0.1148,4,0.0,0.813,building__22.png,No coordinate-system mismatch detected,No change
